title,overview
Bhaag Milkha Bhaag,"The truth behind the ascension of Milkha Singh who was scarred because of the India-Pakistan partition. Genre: Biography, Drama, Sport"
Queen,"A Delhi girl from a traditional family sets out on a solo honeymoon after her marriage gets cancelled. Genre: Adventure, Comedy, Drama"
Terminator 2: Judgment Day,"A cyborg, identical to the one who failed to kill Sarah Connor, must now protect her teenage son, John Connor, from a more advanced and powerful cyborg. Genre: Action, Sci-Fi"
Bãhubali: The Beginning,"In ancient India, an adventurous and daring man becomes involved in a decades-old feud between two warring peoples. Genre: Action, Drama"
My Fair Lady,"Snobbish phonetics Professor Henry Higgins agrees to a wager that he can make flower girl Eliza Doolittle presentable in high society. Genre: Drama, Family, Musical"
The Wizard of Oz,"Dorothy Gale is swept away from a farm in Kansas to a magical land of Oz in a tornado and embarks on a quest with her new friends to see the Wizard who can help her return home to Kansas and help her friends as well. Genre: Adventure, Family, Fantasy"
Misery,"After a famous author is rescued from a car crash by a fan of his novels, he comes to realize that the care he is receiving is only the beginning of a nightmare of captivity and abuse. Genre: Drama, Thriller"
Black Hawk Down,"160 elite U.S. soldiers drop into Somalia to capture two top lieutenants of a renegade warlord and find themselves in a desperate battle with a large force of heavily-armed Somalis. Genre: Drama, History, War"
Back to the Future,"Marty McFly, a 17-year-old high school student, is accidentally sent thirty years into the past in a time-traveling DeLorean invented by his close friend, the eccentric scientist Doc Brown. Genre: Adventure, Comedy, Sci-Fi"
Koe no katachi,"A young man is ostracized by his classmates after he bullies a deaf girl to the point where she moves away. Years later, he sets off on a path for redemption. Genre: Animation, Drama, Family"
Lawrence of Arabia,"The story of T.E. Lawrence, the English officer who successfully united and led the diverse, often warring, Arab tribes during World War I in order to fight the Turks. Genre: Adventure, Biography, Drama"
The Hustler,"An up-and-coming pool player plays a long-time champion in a single high-stakes match. Genre: Drama, Sport"
The Departed,"An undercover cop and a mole in the police attempt to identify each other while infiltrating an Irish gang in South Boston. Genre: Crime, Drama, Thriller"
The Graduate,"A disillusioned college graduate finds himself torn between his older lover and her daughter. Genre: Comedy, Drama, Romance"
Star Trek,"The brash James T. Kirk tries to live up to his father's legacy with Mr. Spock keeping him in check as a vengeful Romulan from the future creates black holes to destroy the Federation one planet at a time. Genre: Action, Adventure, Sci-Fi"
Wonder,"Based on the New York Times bestseller, this movie tells the incredibly inspiring and heartwarming story of August Pullman, a boy with facial differences who enters the fifth grade, attending a mainstream elementary school for the first time. Genre: Drama, Family"
Before Sunset,"Nine years after Jesse and Celine first met, they encounter each other again on the French leg of Jesse's book tour. Genre: Drama, Romance"
Boyhood,"The life of Mason, from early childhood to his arrival at college. Genre: Drama"
Hell or High Water,"A divorced father and his ex-con older brother resort to a desperate scheme in order to save their family's ranch in West Texas. Genre: Action, Crime, Drama"
Ed Wood,"Ambitious but troubled movie director Edward D. Wood Jr. tries his best to fulfill his dreams, despite his lack of talent. Genre: Biography, Comedy, Drama"
"4 luni, 3 saptamâni si 2 zile",A woman assists her friend in arranging an illegal abortion in 1980s Romania. Genre: Drama
District 9,"Violence ensues after an extraterrestrial race forced to live in slum-like conditions on Earth finds a kindred spirit in a government agent exposed to their biotechnology. Genre: Action, Sci-Fi, Thriller"
El cuerpo,"A detective searches for the body of a femme fatale which has gone missing from a morgue. Genre: Mystery, Thriller"
Miracle in cell NO.7,A story of love between a mentally-ill father who was wrongly accused of murder and his lovely six years old daughter. The prison would be their home. Based on the 2013 Korean movie 7-beon-bang-ui seon-mul (2013). Genre: Drama
Annie Hall,"Neurotic New York comedian Alvy Singer falls in love with the ditzy Annie Hall. Genre: Comedy, Romance"
Scarface,"In 1980 Miami, a determined Cuban immigrant takes over a drug cartel and succumbs to greed. Genre: Crime, Drama"
Miracle on 34th Street,"When a nice old man who claims to be Santa Claus is institutionalized as insane, a young lawyer decides to defend him by arguing in court that he is the real thing. Genre: Comedy, Drama, Family"
Taken,"A retired CIA agent travels across Europe and relies on his old skills to save his estranged daughter, who has been kidnapped while on a trip to Paris. Genre: Action, Thriller"
Toy Story 3,"The toys are mistakenly delivered to a day-care center instead of the attic right before Andy leaves for college, and it's up to Woody to convince the other toys that they weren't abandoned and to return home. Genre: Animation, Adventure, Comedy"
Rear Window,"A wheelchair-bound photographer spies on his neighbors from his apartment window and becomes convinced one of them has committed murder. Genre: Mystery, Thriller"
Ace in the Hole,"A frustrated former big-city journalist now stuck working for an Albuquerque newspaper exploits a story about a man trapped in a cave to rekindle his career, but the situation quickly escalates into an out-of-control circus. Genre: Drama, Film-Noir"
Inside Man,"A police detective, a bank robber, and a high-power broker enter high-stakes negotiations after the criminal's brilliant heist spirals into a hostage situation. Genre: Crime, Drama, Mystery"
Baahubali 2: The Conclusion,"When Shiva, the son of Bahubali, learns about his heritage, he begins to look for answers. His story is juxtaposed with past events that unfolded in the Mahishmati Kingdom. Genre: Action, Drama"
Casino,"A tale of greed, deception, money, power, and murder occur between two best friends: a mafia enforcer and a casino executive compete against each other over a gambling empire, and over a fast-living and fast-loving socialite. Genre: Crime, Drama"
The Shop Around the Corner,"Two employees at a gift shop can barely stand each other, without realizing that they are falling in love through the post as each other's anonymous pen pal. Genre: Comedy, Drama, Romance"
Babam ve Oglum,"The family of a left-wing journalist is torn apart after the military coup of Turkey in 1980. Genre: Drama, Family"
Who's Afraid of Virginia Woolf?,"A bitter, aging couple, with the help of alcohol, use their young houseguests to fuel anguish and emotional pain towards each other over the course of a distressing night. Genre: Drama"
The Boondock Saints,"Two Irish Catholic brothers become vigilantes and wipe out Boston's criminal underworld in the name of God. Genre: Action, Crime, Thriller"
Dip huet seung hung,"A disillusioned assassin accepts one last hit in hopes of using his earnings to restore vision to a singer he accidentally blinded. Genre: Action, Crime, Drama"
Amour,"Georges and Anne are an octogenarian couple. They are cultivated, retired music teachers. Their daughter, also a musician, lives in Britain with her family. One day, Anne has a stroke, and the couple's bond of love is severely tested. Genre: Drama, Romance"
Stardust,"In a countryside town bordering on a magical land, a young man makes a promise to his beloved that he'll retrieve a fallen star by venturing into the magical realm. Genre: Adventure, Family, Fantasy"
The Day of the Jackal,"A professional assassin codenamed ""Jackal"" plots to kill Charles de Gaulle, the President of France. Genre: Crime, Drama, Thriller"
2001: A Space Odyssey,"After discovering a mysterious artifact buried beneath the Lunar surface, mankind sets off on a quest to find its origins with help from intelligent supercomputer H.A.L. 9000. Genre: Adventure, Sci-Fi"
Barfi!,"Three young people learn that love can neither be defined nor contained by society's definition of normal and abnormal. Genre: Comedy, Drama, Romance"
"Lock, Stock and Two Smoking Barrels","A botched card game in London triggers four friends, thugs, weed-growers, hard gangsters, loan sharks and debt collectors to collide with each other in a series of unexpected events, all for the sake of weed, cash and two antique shotguns. Genre: Action, Comedy, Crime"
Kahaani,"A pregnant woman's search for her missing husband takes her from London to Kolkata, but everyone she questions denies having ever met him. Genre: Mystery, Thriller"
Forrest Gump,"The presidencies of Kennedy and Johnson, the events of Vietnam, Watergate and other historical events unfold through the perspective of an Alabama man with an IQ of 75, whose only desire is to be reunited with his childhood sweetheart. Genre: Drama, Romance"
It's a Wonderful Life,"An angel is sent from Heaven to help a desperately frustrated businessman by showing him what life would have been like if he had never existed. Genre: Drama, Family, Fantasy"
Sense and Sensibility,"Rich Mr. Dashwood dies, leaving his second wife and her three daughters poor by the rules of inheritance. The two eldest daughters are the title opposites. Genre: Drama, Romance"
La haine,"24 hours in the lives of three young men in the French suburbs the day after a violent riot. Genre: Crime, Drama"
Manhattan,"The life of a divorced television writer dating a teenage girl is further complicated when he falls in love with his best friend's mistress. Genre: Comedy, Drama, Romance"
Tenkû no shiro Rapyuta,"A young boy and a girl with a magic crystal must race against pirates and foreign agents in a search for a legendary floating castle. Genre: Animation, Adventure, Drama"
The Lion in Winter,"1183 A.D.: King Henry II's three sons all want to inherit the throne, but he won't commit to a choice. They and his wife variously plot to force him. Genre: Biography, Drama, History"
Captain America: The Winter Soldier,"As Steve Rogers struggles to embrace his role in the modern world, he teams up with a fellow Avenger and S.H.I.E.L.D agent, Black Widow, to battle a new threat from history: an assassin known as the Winter Soldier. Genre: Action, Adventure, Sci-Fi"
Les yeux sans visage,"A surgeon causes an accident which leaves his daughter disfigured, and goes to extremes to give her a new face. Genre: Drama, Horror"
Paan Singh Tomar,"The story of Paan Singh Tomar, an Indian athlete and seven-time national steeplechase champion who becomes one of the most feared dacoits in Chambal Valley after his retirement. Genre: Action, Biography, Crime"
Gran Torino,"Disgruntled Korean War veteran Walt Kowalski sets out to reform his neighbor, Thao Lor, a Hmong teenager who tried to steal Kowalski's prized possession: a 1972 Gran Torino. Genre: Drama"
Zootopia,"In a city of anthropomorphic animals, a rookie bunny cop and a cynical con artist fox must work together to uncover a conspiracy. Genre: Animation, Adventure, Comedy"
The Gold Rush,"A prospector goes to the Klondike in search of gold and finds it and more. Genre: Adventure, Comedy, Drama"
To Kill a Mockingbird,"Atticus Finch, a lawyer in the Depression-era South, defends a black man against an undeserved rape charge, and his children against prejudice. Genre: Crime, Drama"
Rupan sansei: Kariosutoro no shiro,"A dashing thief, his gang of desperadoes and an intrepid policeman struggle to free a princess from an evil count's clutches, and learn the hidden secret to a fabulous treasure that she holds part of a key to. Genre: Animation, Adventure, Family"
Midnight Cowboy,"A naive hustler travels from Texas to New York City to seek personal fortune, finding a new friend in the process. Genre: Drama"
Lucky Number Slevin,"A case of mistaken identity lands Slevin into the middle of a war being plotted by two of the city's most rival crime bosses. Under constant surveillance by Detective Brikowski and assassin Goodkat, he must get them before they get him. Genre: Action, Crime, Drama"
Mississippi Burning,"Two F.B.I. Agents with wildly different styles arrive in Mississippi to investigate the disappearance of some civil rights activists. Genre: Crime, Drama, History"
Awakenings,"The victims of an encephalitis epidemic many years ago have been catatonic ever since, but now a new drug offers the prospect of reviving them. Genre: Biography, Drama"
Blood Diamond,"A fisherman, a smuggler, and a syndicate of businessmen match wits over the possession of a priceless diamond. Genre: Adventure, Drama, Thriller"
La dolce vita,"A series of stories following a week in the life of a philandering paparazzo journalist living in Rome. Genre: Comedy, Drama"
Home Alone,"An eight-year-old troublemaker must protect his house from a pair of burglars when he is accidentally left home alone by his family during Christmas vacation. Genre: Comedy, Family"
The Florida Project,"Set over one summer, the film follows precocious six-year-old Moonee as she courts mischief and adventure with her ragtag playmates and bonds with her rebellious but caring mother, all while living in the shadows of Walt Disney World. Genre: Drama"
Despicable Me,"When a criminal mastermind uses a trio of orphan girls as pawns for a grand scheme, he finds their love is profoundly changing him for the better. Genre: Animation, Comedy, Crime"
Clerks,"A day in the lives of two convenience clerks named Dante and Randal as they annoy customers, discuss movies, and play hockey on the store roof. Genre: Comedy"
The Nightmare Before Christmas,"Jack Skellington, king of Halloween Town, discovers Christmas Town, but his attempts to bring Christmas to his home causes confusion. Genre: Animation, Family, Fantasy"
Rang De Basanti,"The story of six young Indians who assist an English woman to film a documentary on the freedom fighters from their past, and the events that lead them to relive the long-forgotten saga of freedom. Genre: Comedy, Crime, Drama"
English Vinglish,"A quiet, sweet tempered housewife endures small slights from her well-educated husband and daughter every day because of her inability to speak and understand English. Genre: Comedy, Drama, Family"
Star Wars: Episode VI - Return of the Jedi,"After a daring mission to rescue Han Solo from Jabba the Hutt, the Rebels dispatch to Endor to destroy the second Death Star. Meanwhile, Luke struggles to help Darth Vader back from the dark side without falling into the Emperor's trap. Genre: Action, Adventure, Fantasy"
Who Framed Roger Rabbit,"A toon-hating detective is a cartoon rabbit's only hope to prove his innocence when he is accused of murder. Genre: Animation, Adventure, Comedy"
The Thin Man,"Former detective Nick Charles and his wealthy wife Nora investigate a murder case, mostly for the fun of it. Genre: Comedy, Crime, Mystery"
Wait Until Dark,A recently blinded woman is terrorized by a trio of thugs while they search for a heroin-stuffed doll they believe is in her apartment. Genre: Thriller
Efter brylluppet,"A manager of an orphanage in India is sent to Copenhagen, Denmark, where he discovers a life-altering family secret. Genre: Drama"
The Hurricane,"The story of Rubin 'Hurricane' Carter, a boxer wrongly imprisoned for murder, and the people who aided in his fight to prove his innocence. Genre: Biography, Drama, Sport"
La Vie En Rose,"Biopic of the iconic French singer Édith Piaf. Raised by her grandmother in a brothel, she was discovered while singing on a street corner at the age of 19. Despite her success, Piaf's life was filled with tragedy. Genre: Biography, Drama, Music"
Atonement,"Thirteen-year-old fledgling writer Briony Tallis irrevocably changes the course of several lives when she accuses her older sister's lover of a crime he did not commit. Genre: Drama, Mystery, Romance"
Fantastic Mr. Fox,"An urbane fox cannot resist returning to his farm raiding ways and then must help his community survive the farmers' retaliation. Genre: Animation, Adventure, Comedy"
The Sound of Music,"A woman leaves an Austrian convent to become a governess to the children of a Naval officer widower. Genre: Biography, Drama, Family"
Blade Runner 2049,"Young Blade Runner K's discovery of a long-buried secret leads him to track down former Blade Runner Rick Deckard, who's been missing for thirty years. Genre: Action, Drama, Mystery"
Höstsonaten,"A married daughter who longs for her mother's love is visited by the latter, a successful concert pianist. Genre: Drama, Music"
Rocky,"A small-time boxer gets a supremely rare chance to fight a heavy-weight champion in a bout in which he strives to go the distance for his self-respect. Genre: Drama, Sport"
Glengarry Glen Ross,"An examination of the machinations behind the scenes at a real estate office. Genre: Crime, Drama, Mystery"
Das Cabinet des Dr. Caligari,"Hypnotist Dr. Caligari uses a somnambulist, Cesare, to commit murders. Genre: Fantasy, Horror, Mystery"
8½,A harried movie director retreats into his memories and fantasies. Genre: Drama
The Best Years of Our Lives,"Three World War II veterans return home to small-town America to discover that they and their families have been irreparably changed. Genre: Drama, Romance, War"
All That Jazz,"Director/choreographer Bob Fosse tells his own life story as he details the sordid career of Joe Gideon, a womanizing, drug-using dancer. Genre: Drama, Music, Musical"
Mission: Impossible - Fallout,"Ethan Hunt and his IMF team, along with some familiar allies, race against time after a mission gone wrong. Genre: Action, Adventure, Thriller"
Life of Brian,"Born on the original Christmas in the stable next door to Jesus Christ, Brian of Nazareth spends his life being mistaken for a messiah. Genre: Comedy"
Rushmore,"The extracurricular king of Rushmore Preparatory School is put on academic probation. Genre: Comedy, Drama, Romance"
True Romance,"In Detroit, a lonely pop culture geek marries a call girl, steals cocaine from her pimp, and tries to sell it in Hollywood. Meanwhile, the owners of the cocaine, the Mob, track them down in an attempt to reclaim it. Genre: Crime, Drama, Romance"
The Machinist,"An industrial worker who hasn't slept in a year begins to doubt his own sanity. Genre: Drama, Thriller"
Ivanovo detstvo,"In WW2, twelve year old Soviet orphan Ivan Bondarev works for the Soviet army as a scout behind the German lines and strikes a friendship with three sympathetic Soviet officers. Genre: Drama, War"
Lola rennt,"After a botched money delivery, Lola has 20 minutes to come up with 100,000 Deutschmarks. Genre: Crime, Drama, Thriller"
Kaguyahime no monogatari,"Found inside a shining stalk of bamboo by an old bamboo cutter and his wife, a tiny girl grows rapidly into an exquisite young lady. The mysterious young princess enthralls all who encounter her, but ultimately she must confront her fate, the punishment for her crime. Genre: Animation, Adventure, Drama"
Whiplash,"A promising young drummer enrolls at a cut-throat music conservatory where his dreams of greatness are mentored by an instructor who will stop at nothing to realize a student's potential. Genre: Drama, Music"
Happiness,"The lives of several individuals intertwine as they go about their lives in their own unique ways, engaging in acts society as a whole might find disturbing in a desperate search for human connection. Genre: Comedy, Drama"
Mononoke-hime,"On a journey to find the cure for a Tatarigami's curse, Ashitaka finds himself in the middle of a war between the forest gods and Tatara, a mining colony. In this quest he also meets San, the Mononoke Hime. Genre: Animation, Action, Adventure"
Jaws,"When a killer shark unleashes chaos on a beach community, it's up to a local sheriff, a marine biologist, and an old seafarer to hunt the beast down. Genre: Adventure, Thriller"
Dogville,"A woman on the run from the mob is reluctantly accepted in a small Colorado community in exchange for labor, but when a search visits the town she finds out that their support has a price. Genre: Crime, Drama"
K.G.F: Chapter 1,"In the 1970s, a fierce rebel rises against brutal oppression and becomes the symbol of hope to legions of downtrodden people. Genre: Action, Drama"
Tôkyô goddofâzâzu,"On Christmas Eve, three homeless people living on the streets of Tokyo discover a newborn baby among the trash and set out to find its parents. Genre: Animation, Adventure, Comedy"
The Lord of the Rings: The Two Towers,"While Frodo and Sam edge closer to Mordor with the help of the shifty Gollum, the divided fellowship makes a stand against Sauron's new ally, Saruman, and his hordes of Isengard. Genre: Action, Adventure, Drama"
Kagemusha,"A petty thief with an utter resemblance to a samurai warlord is hired as the lord's double. When the warlord later dies the thief is forced to take up arms in his place. Genre: Drama, History, War"
"Aguirre, der Zorn Gottes","In the 16th century, the ruthless and insane Don Lope de Aguirre leads a Spanish expedition in search of El Dorado. Genre: Action, Adventure, Biography"
Searching,"After his teenage daughter goes missing, a desperate father tries to find clues on her laptop. Genre: Drama, Mystery, Thriller"
Toy Story,"A cowboy doll is profoundly threatened and jealous when a new spaceman figure supplants him as top toy in a boy's room. Genre: Animation, Adventure, Comedy"
X-Men: Days of Future Past,"The X-Men send Wolverine to the past in a desperate effort to change history and prevent an event that results in doom for both humans and mutants. Genre: Action, Adventure, Sci-Fi"
Gangs of Wasseypur,"A clash between Sultan and Shahid Khan leads to the expulsion of Khan from Wasseypur, and ignites a deadly blood feud spanning three generations. Genre: Action, Comedy, Crime"
The Count of Monte Cristo,"A young man, falsely imprisoned by his jealous ""friend"", escapes and uses a hidden treasure to exact his revenge. Genre: Action, Adventure, Drama"
Brief Encounter,"Meeting a stranger in a railway station, a woman is tempted to cheat on her husband. Genre: Drama, Romance"
PK,"An alien on Earth loses the only device he can use to communicate with his spaceship. His innocent nature and child-like questions force the country to evaluate the impact of religion on its people. Genre: Comedy, Drama, Musical"
The Warriors,"In the near future, a charismatic leader summons the street gangs of New York City in a bid to take it over. When he is killed, The Warriors are falsely blamed and now must fight their way home while every other gang is hunting them down. Genre: Action, Crime, Thriller"
Unforgiven,"Retired Old West gunslinger William Munny reluctantly takes on one last job, with the help of his old partner Ned Logan and a young man, The ""Schofield Kid."" Genre: Drama, Western"
Apocalypse Now,"A U.S. Army officer serving in Vietnam is tasked with assassinating a renegade Special Forces Colonel who sees himself as a god. Genre: Drama, Mystery, War"
There Will Be Blood,"A story of family, religion, hatred, oil and madness, focusing on a turn-of-the-century prospector in the early days of the business. Genre: Drama"
Dawn of the Planet of the Apes,"A growing nation of genetically evolved apes led by Caesar is threatened by a band of human survivors of the devastating virus unleashed a decade earlier. Genre: Action, Adventure, Drama"
Adams æbler,"A neo-nazi sentenced to community service at a church clashes with the blindly devotional priest. Genre: Comedy, Crime, Drama"
M - Eine Stadt sucht einen Mörder,"When the police in a German city are unable to catch a child-murderer, other criminals join in the manhunt. Genre: Crime, Mystery, Thriller"
Once Upon a Time in America,"A former Prohibition-era Jewish gangster returns to the Lower East Side of Manhattan over thirty years later, where he once again must confront the ghosts and regrets of his old life. Genre: Crime, Drama"
The Long Goodbye,"Private investigator Philip Marlowe helps a friend out of a jam, but in doing so gets implicated in his wife's murder. Genre: Comedy, Crime, Drama"
My Cousin Vinny,"Two New Yorkers accused of murder in rural Alabama while on their way back to college call in the help of one of their cousins, a loudmouth lawyer with no trial experience. Genre: Comedy, Crime"
Serenity,"The crew of the ship Serenity try to evade an assassin sent to recapture one of their members who is telepathic. Genre: Action, Adventure, Sci-Fi"
Hable con ella,"Two men share an odd friendship while they care for two women who are both in deep comas. Genre: Drama, Mystery, Romance"
The Prestige,"After a tragic accident, two stage magicians engage in a battle to create the ultimate illusion while sacrificing everything they have to outwit each other. Genre: Drama, Mystery, Sci-Fi"
Kurenai no buta,"In 1930s Italy, a veteran World War I pilot is cursed to look like an anthropomorphic pig. Genre: Animation, Adventure, Comedy"
Delicatessen,"Post-apocalyptic surrealist black comedy about the landlord of an apartment building who occasionally prepares a delicacy for his odd tenants. Genre: Comedy, Crime"
The Message,"This epic historical drama chronicles the life and times of Prophet Muhammad and serves as an introduction to early Islamic history. Genre: Biography, Drama, History"
La Strada,"A care-free girl is sold to a traveling entertainer, consequently enduring physical and emotional pain along the way. Genre: Drama"
Kai po che!,"Three friends growing up in India at the turn of the millennium set out to open a training academy to produce the country's next cricket stars. Genre: Drama, Sport"
Key Largo,"A man visits his war buddy's family hotel and finds a gangster running things. As a hurricane approaches, the two end up confronting each other. Genre: Action, Crime, Drama"
Ôkami kodomo no Ame to Yuki,"After her werewolf lover unexpectedly dies in an accident while hunting for food for their children, a young woman must find ways to raise the werewolf son and daughter that she had with him while keeping their trait hidden from society. Genre: Animation, Drama, Fantasy"
Being There,"A simpleminded, sheltered gardener becomes an unlikely trusted advisor to a powerful businessman and an insider in Washington politics. Genre: Comedy, Drama"
Boyz n the Hood,"Follows the lives of three young males living in the Crenshaw ghetto of Los Angeles, dissecting questions of race, relationships, violence, and future prospects. Genre: Crime, Drama"
Zodiac,"In the late 1960s/early 1970s, a San Francisco cartoonist becomes an amateur detective obsessed with tracking down the Zodiac Killer, an unidentified individual who terrorizes Northern California with a killing spree. Genre: Crime, Drama, Mystery"
Det sjunde inseglet,"A man seeks answers about life, death, and the existence of God as he plays chess against the Grim Reaper during the Black Plague. Genre: Drama, Fantasy, History"
The Thing,"A research team in Antarctica is hunted by a shape-shifting alien that assumes the appearance of its victims. Genre: Horror, Mystery, Sci-Fi"
Amores perros,"A horrific car accident connects three stories, each involving characters dealing with loss, regret, and life's harsh realities, all in the name of love. Genre: Drama, Thriller"
12 Angry Men,"A jury holdout attempts to prevent a miscarriage of justice by forcing his colleagues to reconsider the evidence. Genre: Crime, Drama"
End of Watch,"Shot documentary-style, this film follows the daily grind of two young police officers in LA who are partners and friends, and what happens when they meet criminal forces greater than themselves. Genre: Action, Crime, Drama"
Good Bye Lenin!,"In 1990, to protect his fragile mother from a fatal shock after a long coma, a young man must keep her from learning that her beloved nation of East Germany as she knew it has disappeared. Genre: Comedy, Drama, Romance"
Batoru rowaiaru,"In the future, the Japanese government captures a class of ninth-grade students and forces them to kill each other under the revolutionary ""Battle Royale"" act. Genre: Action, Adventure, Drama"
Rush,"The merciless 1970s rivalry between Formula One rivals James Hunt and Niki Lauda. Genre: Action, Biography, Drama"
Le locataire,"A bureaucrat rents a Paris apartment where he finds himself drawn into a rabbit hole of dangerous paranoia. Genre: Drama, Thriller"
Blowup,"A fashion photographer unknowingly captures a death on film after following two lovers in a park. Genre: Drama, Mystery, Thriller"
The Station Agent,"When his only friend dies, a man born with dwarfism moves to rural New Jersey to live a life of solitude, only to meet a chatty hot dog vendor and a woman dealing with her own personal loss. Genre: Comedy, Drama"
Lion,"A five-year-old Indian boy is adopted by an Australian couple after getting lost hundreds of kilometers from home. 25 years later, he sets out to find his lost family. Genre: Biography, Drama"
Seppuku,"When a ronin requesting seppuku at a feudal lord's palace is told of the brutal suicide of another ronin who previously visited, he reveals how their pasts are intertwined - and in doing so challenges the clan's integrity. Genre: Action, Drama, Mystery"
A Star Is Born,"A musician helps a young singer find fame as age and alcoholism send his own career into a downward spiral. Genre: Drama, Music, Romance"
Birdman or (The Unexpected Virtue of Ignorance),"A washed-up superhero actor attempts to revive his fading career by writing, directing, and starring in a Broadway production. Genre: Comedy, Drama"
In America,A family of Irish immigrants adjust to life on the mean streets of Hell's Kitchen while also grieving the death of a child. Genre: Drama
Halloween,"Fifteen years after murdering his sister on Halloween night 1963, Michael Myers escapes from a mental hospital and returns to the small town of Haddonfield, Illinois to kill again. Genre: Horror, Thriller"
Jodaeiye Nader az Simin,A married couple are faced with a difficult decision - to improve the life of their child by moving to another country or to stay in Iran and look after a deteriorating parent who has Alzheimer's disease. Genre: Drama
Donnie Brasco,"An FBI undercover agent infiltrates the mob and finds himself identifying more with the mafia life, at the expense of his regular one. Genre: Biography, Crime, Drama"
The Untouchables,"During the era of Prohibition in the United States, Federal Agent Eliot Ness sets out to stop ruthless Chicago gangster Al Capone and, because of rampant corruption, assembles a small, hand-picked team to help him. Genre: Crime, Drama, Thriller"
The Fugitive,"Dr. Richard Kimble, unjustly accused of murdering his wife, must find the real killer while being the target of a nationwide manhunt led by a seasoned U.S. Marshal. Genre: Action, Crime, Drama"
Inception,"A thief who steals corporate secrets through the use of dream-sharing technology is given the inverse task of planting an idea into the mind of a C.E.O. Genre: Action, Adventure, Sci-Fi"
La vie d'Adèle,"Adèle's life is changed when she meets Emma, a young woman with blue hair, who will allow her to discover desire and to assert herself as a woman and as an adult. In front of others, Adèle grows, seeks herself, loses herself, and ultimately finds herself through love and loss. Genre: Drama, Romance"
3:10 to Yuma,"A small-time rancher agrees to hold a captured outlaw who's awaiting a train to go to court in Yuma. A battle of wills ensues as the outlaw tries to psych out the rancher. Genre: Action, Crime, Drama"
Jagten,"A teacher lives a lonely life, all the while struggling over his son's custody. His life slowly gets better as he finds love and receives good news from his son, but his new luck is about to be brutally shattered by an innocent little lie. Genre: Drama"
Logan,"In a future where mutants are nearly extinct, an elderly and weary Logan leads a quiet life. But when Laura, a mutant child pursued by scientists, comes to him for help, he must get her to safety. Genre: Action, Drama, Sci-Fi"
Tumbbad,"A mythological story about a goddess who created the entire universe. The plot revolves around the consequences when humans build a temple for her first-born. Genre: Drama, Fantasy, Horror"
Pink,"When three young women are implicated in a crime, a retired lawyer steps forward to help them clear their names. Genre: Drama, Thriller"
My Name Is Khan,An Indian Muslim man with Asperger's syndrome takes a challenge to speak to the President of the United States seriously and embarks on a cross-country journey. Genre: Drama
Dances with Wolves,"Lieutenant John Dunbar, assigned to a remote western Civil War outpost, befriends wolves and Indians, making him an intolerable aberration in the military. Genre: Adventure, Drama, Western"
Bound by Honor,"Based on the true life experiences of poet Jimmy Santiago Baca, the film focuses on step-brothers Paco and Cruz, and their bi-racial cousin Miklo. Genre: Crime, Drama"
Ang-ma-reul bo-at-da,"A secret agent exacts revenge on a serial killer through a series of captures and releases. Genre: Action, Crime, Drama"
What We Do in the Shadows,"Viago, Deacon and Vladislav are vampires who are finding that modern life has them struggling with the mundane - like paying rent, keeping up with the chore wheel, trying to get into nightclubs and overcoming flatmate conflicts. Genre: Comedy, Horror"
Scent of a Woman,"A prep school student needing money agrees to ""babysit"" a blind man, but the job is not at all what he anticipated. Genre: Drama"
Salinui chueok,"In a small Korean province in 1986, two detectives struggle with the case of multiple young women being found raped and murdered by an unknown culprit. Genre: Crime, Drama, Mystery"
Kelly's Heroes,"A group of U.S. soldiers sneaks across enemy lines to get their hands on a secret stash of Nazi treasure. Genre: Adventure, Comedy, War"
Batman Begins,"After training with his mentor, Batman begins his fight to free crime-ridden Gotham City from corruption. Genre: Action, Adventure"
Ah-ga-ssi,"A woman is hired as a handmaiden to a Japanese heiress, but secretly she is involved in a plot to defraud her. Genre: Drama, Romance, Thriller"
Anatomy of a Murder,"In a murder trial, the defendant says he suffered temporary insanity after the victim raped his wife. What is the truth, and will he win his case? Genre: Crime, Drama, Mystery"
Withnail & I,"In 1969, two substance-abusing, unemployed actors retreat to the countryside for a holiday that proves disastrous. Genre: Comedy, Drama"
Die Hard,"An NYPD officer tries to save his wife and several others taken hostage by German terrorists during a Christmas party at the Nakatomi Plaza in Los Angeles. Genre: Action, Thriller"
Gone Baby Gone,"Two Boston area detectives investigate a little girl's kidnapping, which ultimately turns into a crisis both professionally and personally. Genre: Crime, Drama, Mystery"
Kramer vs. Kramer,"Ted Kramer's wife leaves him, allowing for a lost bond to be rediscovered between Ted and his son, Billy. But a heated custody battle ensues over the divorced couple's son, deepening the wounds left by the separation. Genre: Drama"
White Heat,"A psychopathic criminal with a mother complex makes a daring break from prison and leads his old gang in a chemical plant payroll heist. Genre: Action, Crime, Drama"
The Last of the Mohicans,"Three trappers protect the daughters of a British Colonel in the midst of the French and Indian War. Genre: Action, Adventure, Drama"
The Godfather: Part III,"Follows Michael Corleone, now in his 60s, as he seeks to free his family from crime and find a suitable successor to his empire. Genre: Crime, Drama"
Duck Soup,"Rufus T. Firefly is named president/dictator of bankrupt Freedonia and declares war on neighboring Sylvania over the love of wealthy Mrs. Teasdale. Genre: Comedy, Musical, War"
Brazil,"A bureaucrat in a dystopic society becomes an enemy of the state as he pursues the woman of his dreams. Genre: Drama, Sci-Fi"
Strangers on a Train,"A psychopath forces a tennis star to comply with his theory that two strangers can get away with murder. Genre: Crime, Film-Noir, Thriller"
The Help,"An aspiring author during the civil rights movement of the 1960s decides to write a book detailing the African American maids' point of view on the white families for which they work, and the hardships they go through on a daily basis. Genre: Drama"
28 Days Later...,"Four weeks after a mysterious, incurable virus spreads throughout the UK, a handful of survivors try to find sanctuary. Genre: Drama, Horror, Sci-Fi"
The Social Network,"As Harvard student Mark Zuckerberg creates the social networking site that would become known as Facebook, he is sued by the twins who claimed he stole their idea, and by the co-founder who was later squeezed out of the business. Genre: Biography, Drama"
The Deer Hunter,"An in-depth examination of the ways in which the U.S. Vietnam War impacts and disrupts the lives of people in a small industrial town in Pennsylvania. Genre: Drama, War"
Kubo and the Two Strings,"A young boy named Kubo must locate a magical suit of armour worn by his late father in order to defeat a vengeful spirit from the past. Genre: Animation, Action, Adventure"
Young Frankenstein,"An American grandson of the infamous scientist, struggling to prove that his grandfather was not as insane as people believe, is invited to Transylvania, where he discovers the process that reanimates a dead body. Genre: Comedy"
Zelig,"""Documentary"" about a man who can look and act like whoever he's around, and meets various famous people. Genre: Comedy"
Mad Max: Fury Road,"In a post-apocalyptic wasteland, a woman rebels against a tyrannical ruler in search for her homeland with the aid of a group of female prisoners, a psychotic worshiper, and a drifter named Max. Genre: Action, Adventure, Sci-Fi"
The Elephant Man,"A Victorian surgeon rescues a heavily disfigured man who is mistreated while scraping a living as a side-show freak. Behind his monstrous façade, there is revealed a person of kindness, intelligence and sophistication. Genre: Biography, Drama"
The Goonies,"A group of young misfits called The Goonies discover an ancient map and set out on an adventure to find a legendary pirate's long-lost treasure. Genre: Adventure, Comedy, Family"
Badlands,"An impressionable teenage girl from a dead-end town and her older greaser boyfriend embark on a killing spree in the South Dakota badlands. Genre: Action, Crime, Drama"
Hannah and Her Sisters,"Between two Thanksgivings two years apart, Hannah's husband falls in love with her sister Lee, while her hypochondriac ex-husband rekindles his relationship with her sister Holly. Genre: Comedy, Drama"
Der Name der Rose,"An intellectually nonconformist friar investigates a series of mysterious deaths in an isolated abbey. Genre: Crime, Drama, Mystery"
Finding Nemo,"After his son is captured in the Great Barrier Reef and taken to Sydney, a timid clownfish sets out on a journey to bring him home. Genre: Animation, Adventure, Comedy"
Relatos salvajes,"Six short stories that explore the extremities of human behavior involving people in distress. Genre: Comedy, Drama, Thriller"
A Beautiful Mind,"After John Nash, a brilliant but asocial mathematician, accepts secret work in cryptography, his life takes a turn for the nightmarish. Genre: Biography, Drama"
Dancer in the Dark,"An East European girl travels to the United States with her young son, expecting it to be like a Hollywood film. Genre: Crime, Drama, Musical"
La migliore offerta,"A lonely art expert working for a mysterious and reclusive heiress finds not only her art worth examining. Genre: Crime, Drama, Mystery"
E.T. the Extra-Terrestrial,"A troubled child summons the courage to help a friendly alien escape Earth and return to his home world. Genre: Family, Sci-Fi"
The Bourne Supremacy,"When Jason Bourne is framed for a CIA operation gone awry, he is forced to resume his former life as a trained assassin to survive. Genre: Action, Mystery, Thriller"
Iron Man,"After being held captive in an Afghan cave, billionaire engineer Tony Stark creates a unique weaponized suit of armor to fight evil. Genre: Action, Adventure, Sci-Fi"
Funny Games,"Two violent young men take a mother, father, and son hostage in their vacation cabin and force them to play sadistic ""games"" with one another for their own amusement. Genre: Crime, Drama, Thriller"
Druk,"Four friends, all high school teachers, test a theory that they will improve their lives by maintaining a constant level of alcohol in their blood. Genre: Comedy, Drama"
Papurika,"When a machine that allows therapists to enter their patients' dreams is stolen, all Hell breaks loose. Only a young female therapist, Paprika, can stop it. Genre: Animation, Drama, Fantasy"
Tropa de Elite,"In 1997 Rio de Janeiro, Captain Nascimento has to find a substitute for his position while trying to take down drug dealers and criminals before the Pope visits. Genre: Action, Crime, Drama"
El secreto de sus ojos,"A retired legal counselor writes a novel hoping to find closure for one of his past unresolved homicide cases and for his unreciprocated love with his superior - both of which still haunt him decades later. Genre: Drama, Mystery, Romance"
All the President's Men,"""The Washington Post"" reporters Bob Woodward and Carl Bernstein uncover the details of the Watergate scandal that leads to President Richard Nixon's resignation. Genre: Biography, Drama, History"
The Avengers,"Earth's mightiest heroes must come together and learn to fight as a team if they are going to stop the mischievous Loki and his alien army from enslaving humanity. Genre: Action, Adventure, Sci-Fi"
Stalker,"A guide leads two men through an area known as the Zone to find a room that grants wishes. Genre: Drama, Sci-Fi"
Kimi no na wa.,"Two strangers find themselves linked in a bizarre way. When a connection forms, will distance be the only thing to keep them apart? Genre: Animation, Drama, Fantasy"
"Paris, Texas","Travis Henderson, an aimless drifter who has been missing for four years, wanders out of the desert and must reconnect with society, himself, his life, and his family. Genre: Drama"
Mary and Max,"A tale of friendship between two unlikely pen pals: Mary, a lonely, eight-year-old girl living in the suburbs of Melbourne, and Max, a forty-four-year old, severely obese man living in New York. Genre: Animation, Comedy, Drama"
Love and Death,"In czarist Russia, a neurotic soldier and his distant cousin formulate a plot to assassinate Napoleon. Genre: Comedy, War"
Ratatouille,"A rat who can cook makes an unusual alliance with a young kitchen worker at a famous restaurant. Genre: Animation, Adventure, Comedy"
Coco,"Aspiring musician Miguel, confronted with his family's ancestral ban on music, enters the Land of the Dead to find his great-great-grandfather, a legendary singer. Genre: Animation, Adventure, Family"
Drive,"A mysterious Hollywood stuntman and mechanic moonlights as a getaway driver and finds himself in trouble when he helps out his neighbor. Genre: Crime, Drama"
Anand,"The story of a terminally ill man who wishes to live life to the fullest before the inevitable occurs, as told by his best friend. Genre: Drama, Musical"
Bronenosets Potemkin,"In the midst of the Russian Revolution of 1905, the crew of the battleship Potemkin mutiny against the brutal, tyrannical regime of the vessel's officers. The resulting street demonstration in Odessa brings on a police massacre. Genre: Drama, History, Thriller"
The Straight Story,"An old man makes a long journey by lawnmower to mend his relationship with an ill brother. Genre: Biography, Drama"
Mustang,"When five orphan girls are seen innocently playing with boys on a beach, their scandalized conservative guardians confine them while forced marriages are arranged. Genre: Drama"
The French Connection,"A pair of NYC cops in the Narcotics Bureau stumble onto a drug smuggling job with a French connection. Genre: Action, Crime, Drama"
Cabaret,"A female girlie club entertainer in Weimar Republic era Berlin romances two men while the Nazi Party rises to power around them. Genre: Drama, Music, Musical"
Veer-Zaara,"Veer-Zaara is a saga of love, separation, courage and sacrifice. A love story that is an inspiration and will remain a legend forever. Genre: Drama, Family, Musical"
Out of the Past,"A private eye escapes his past to run a gas station in a small town, but his past catches up with him. Now he must return to the big city world of danger, corruption, double crosses and duplicitous dames. Genre: Crime, Drama, Film-Noir"
Blade Runner,"A blade runner must pursue and terminate four replicants who stole a ship in space, and have returned to Earth to find their creator. Genre: Action, Sci-Fi, Thriller"
The King's Speech,"The story of King George VI, his impromptu ascension to the throne of the British Empire in 1936, and the speech therapist who helped the unsure monarch overcome his stammer. Genre: Biography, Drama, History"
Le scaphandre et le papillon,"The true story of Elle editor Jean-Dominique Bauby who suffers a stroke and has to live with an almost totally paralyzed body; only his left eye isn't paralyzed. Genre: Biography, Drama"
The Blues Brothers,"Jake Blues, just released from prison, puts together his old band to save the Catholic home where he and his brother Elwood were raised. Genre: Action, Adventure, Comedy"
Idi i smotri,"After finding an old rifle, a young boy joins the Soviet resistance movement against ruthless German forces and experiences the horrors of World War II. Genre: Drama, Thriller, War"
Mou gaan dou,"A story between a mole in the police department and an undercover cop. Their objectives are the same: to find out who is the mole, and who is the cop. Genre: Action, Crime, Drama"
Twelve Monkeys,"In a future world devastated by disease, a convict is sent back in time to gather information about the man-made virus that wiped out most of the human population on the planet. Genre: Mystery, Sci-Fi, Thriller"
Death Note: Desu nôto,"A battle between the world's two greatest minds begins when Light Yagami finds the Death Note, a notebook with the power to kill, and decides to rid the world of criminals. Genre: Crime, Drama, Fantasy"
Le salaire de la peur,"In a decrepit South American village, four men are hired to transport an urgent nitroglycerine shipment without the equipment that would make it safe. Genre: Adventure, Drama, Thriller"
Tôkyô monogatari,"An old couple visit their children and grandchildren in the city, but receive little attention. Genre: Drama"
Waking Life,"A man shuffles through a dream meeting various people and discussing the meanings and purposes of the universe. Genre: Animation, Drama, Fantasy"
El ángel exterminador,"The guests at an upper-class dinner party find themselves unable to leave. Genre: Drama, Fantasy"
The Lego Movie,"An ordinary LEGO construction worker, thought to be the prophesied as ""special"", is recruited to join a quest to stop an evil tyrant from gluing the LEGO universe into eternal stasis. Genre: Animation, Action, Adventure"
As Good as It Gets,"A single mother and waitress, a misanthropic author, and a gay artist form an unlikely friendship after the artist is assaulted in a robbery. Genre: Comedy, Drama, Romance"
Prisoners,"When Keller Dover's daughter and her friend go missing, he takes matters into his own hands as the police pursue multiple leads and the pressure mounts. Genre: Crime, Drama, Mystery"
Soul,"After landing the gig of a lifetime, a New York jazz pianist suddenly finds himself trapped in a strange land between Earth and the afterlife. Genre: Animation, Adventure, Comedy"
Beauty and the Beast,"A prince cursed to spend his days as a hideous monster sets out to regain his humanity by earning a young woman's love. Genre: Animation, Family, Fantasy"
The Last Emperor,"The story of the final Emperor of China. Genre: Biography, Drama, History"
The Broken Circle Breakdown,"Elise and Didier fall in love at first sight, in spite of their differences. He talks, she listens. He's a romantic atheist, she's a religious realist. When their daughter becomes seriously ill, their love is put on trial. Genre: Drama, Music, Romance"
Notorious,"A woman is asked to spy on a group of Nazi friends in South America. How far will she have to go to ingratiate herself with them? Genre: Drama, Film-Noir, Romance"
The Color Purple,A black Southern woman struggles to find her identity after suffering abuse from her father and others over four decades. Genre: Drama
Little Miss Sunshine,"A family determined to get their young daughter into the finals of a beauty pageant take a cross-country trip in their VW bus. Genre: Comedy, Drama"
Reservoir Dogs,"When a simple jewelry heist goes horribly wrong, the surviving criminals begin to suspect that one of them is a police informant. Genre: Crime, Drama, Thriller"
Kill Bill: Vol. 1,"After awakening from a four-year coma, a former assassin wreaks vengeance on the team of assassins who betrayed her. Genre: Action, Crime, Drama"
Rogue One,"The daughter of an Imperial scientist joins the Rebel Alliance in a risky move to steal the plans for the Death Star. Genre: Action, Adventure, Sci-Fi"
The Man Who Would Be King,"Two British former soldiers decide to set themselves up as Kings in Kafiristan, a land where no white man has set foot since Alexander the Great. Genre: Adventure, History, War"
Der Untergang,"Traudl Junge, the final secretary for Adolf Hitler, tells of the Nazi dictator's final days in his Berlin bunker at the end of WWII. Genre: Biography, Drama, History"
Moana,"In Ancient Polynesia, when a terrible curse incurred by the Demigod Maui reaches Moana's island, she answers the Ocean's call to seek out the Demigod to set things right. Genre: Animation, Adventure, Comedy"
The Quiet Man,"A retired American boxer returns to the village of his birth in Ireland, where he falls for a spirited redhead whose brother is contemptuous of their union. Genre: Comedy, Drama, Romance"
Darbareye Elly,"The mysterious disappearance of a kindergarten teacher during a picnic in the north of Iran is followed by a series of misadventures for her fellow travelers. Genre: Drama, Mystery"
The Wrestler,"A faded professional wrestler must retire, but finds his quest for a new life outside the ring a dispiriting struggle. Genre: Drama, Sport"
Paths of Glory,"After refusing to attack an enemy position, a general accuses the soldiers of cowardice and their commanding officer must defend them. Genre: Drama, War"
Bom Yeoareum Gaeul Gyeoul Geurigo Bom,"A boy is raised by a Buddhist monk in an isolated floating temple where the years pass like the seasons. Genre: Drama, Romance"
The Usual Suspects,"A sole survivor tells of the twisty events leading up to a horrific gun battle on a boat, which began when five criminals met at a seemingly random police lineup. Genre: Crime, Mystery, Thriller"
Brokeback Mountain,"The story of a forbidden and secretive relationship between two cowboys, and their lives over the years. Genre: Drama, Romance"
Airlift,"When Iraq invades Kuwait in August 1990, a callous Indian businessman becomes the spokesperson for more than 170,000 stranded countrymen. Genre: Drama, History"
Flipped,"Two eighth-graders start to have feelings for each other despite being total opposites. Genre: Comedy, Drama, Romance"
Forushande,"While both participating in a production of ""Death of a Salesman,"" a teacher's wife is assaulted in her new home, which leaves him determined to find the perpetrator over his wife's traumatized objections. Genre: Drama"
Touch of Evil,"A stark, perverse story of murder, kidnapping, and police corruption in a Mexican border town. Genre: Crime, Drama, Film-Noir"
The Hangover,"Three buddies wake up from a bachelor party in Las Vegas, with no memory of the previous night and the bachelor missing. They make their way around the city in order to find their friend before his wedding. Genre: Comedy"
L.A. Confidential,"As corruption grows in 1950s Los Angeles, three policemen - one strait-laced, one brutal, and one sleazy - investigate a series of murders with their own brand of justice. Genre: Crime, Drama, Mystery"
Paddington 2,"Paddington (Ben Whishaw), now happily settled with the Brown family and a popular member of the local community, picks up a series of odd jobs to buy the perfect present for his Aunt Lucy's (Imelda Staunton's) 100th birthday, only for the gift to be stolen. Genre: Adventure, Comedy, Family"
The Big Short,"In 2006-2007 a group of investors bet against the US mortgage market. In their research they discover how flawed and corrupt the market is. Genre: Biography, Comedy, Drama"
Interstellar,"A team of explorers travel through a wormhole in space in an attempt to ensure humanity's survival. Genre: Adventure, Drama, Sci-Fi"
A Hard Day's Night,"Over two ""typical"" days in the life of The Beatles, the boys struggle to keep themselves and Sir Paul McCartney's mischievous grandfather in check while preparing for a live television performance. Genre: Comedy, Music, Musical"
Le dîner de cons,"A few friends have a weekly fools' dinner, where each brings a fool along. Pierre finds a champion fool for next dinner. Surprise. Genre: Comedy"
Life of Pi,"A young man who survives a disaster at sea is hurtled into an epic journey of adventure and discovery. While cast away, he forms an unexpected connection with another survivor: a fearsome Bengal tiger. Genre: Adventure, Drama, Fantasy"
Lilja 4-ever,"Sixteen-year-old Lilja and her only friend, the young boy Volodja, live in Russia, fantasizing about a better life. One day, Lilja falls in love with Andrej, who is going to Sweden, and invites Lilja to come along and start a new life. Genre: Crime, Drama"
Adaptation.,"A lovelorn screenwriter becomes desperate as he tries and fails to adapt 'The Orchid Thief' by Susan Orlean for the screen. Genre: Comedy, Drama"
The Others,"A woman who lives in her darkened old family house with her two photosensitive children becomes convinced that the home is haunted. Genre: Horror, Mystery, Thriller"
Dog Day Afternoon,"Three amateur bank robbers plan to hold up a bank. A nice simple robbery: Walk in, take the money, and run. Unfortunately, the supposedly uncomplicated heist suddenly becomes a bizarre nightmare as everything that could go wrong does. Genre: Biography, Crime, Drama"
Mulan,"To save her father from death in the army, a young maiden secretly goes in his place and becomes one of China's greatest heroines in the process. Genre: Animation, Adventure, Family"
Short Cuts,"The day-to-day lives of several suburban Los Angeles residents. Genre: Comedy, Drama"
Chugyeokja,"A disgraced ex-policeman who runs a small ring of prostitutes finds himself in a race against time when one of his women goes missing. Genre: Action, Crime, Thriller"
Beasts of No Nation,"A drama based on the experiences of Agu, a child soldier fighting in the civil war of an unnamed African country. Genre: Drama, War"
Yip Man,"During the Japanese invasion of China, a wealthy martial artist is forced to leave his home when his city is occupied. With little means of providing for themselves, Ip Man and the remaining members of the city must find a way to survive. Genre: Action, Biography, Drama"
Ferris Bueller's Day Off,"A high school wise guy is determined to have a day off from school, despite what the Principal thinks of that. Genre: Comedy"
The Lion King,"Lion prince Simba and his father are targeted by his bitter uncle, who wants to ascend the throne himself. Genre: Animation, Adventure, Drama"
All Quiet on the Western Front,"A German youth eagerly enters World War I, but his enthusiasm wanes as he gets a firsthand view of the horror. Genre: Drama, War"
Big Fish,"A frustrated son tries to determine the fact from fiction in his dying father's life. Genre: Adventure, Drama, Fantasy"
Children of Men,"In 2027, in a chaotic world in which women have become somehow infertile, a former activist agrees to help transport a miraculously pregnant woman to a sanctuary at sea. Genre: Adventure, Drama, Sci-Fi"
Baby,"An elite counter-intelligence unit learns of a plot, masterminded by a maniacal madman. With the clock ticking, it's up to them to track the terrorists' international tentacles and prevent them from striking at the heart of India. Genre: Action, Crime, Thriller"
Diarios de motocicleta,"The dramatization of a motorcycle road trip Che Guevara went on in his youth that showed him his life's calling. Genre: Adventure, Biography, Drama"
Before Midnight,"We meet Jesse and Celine nine years on in Greece. Almost two decades have passed since their first meeting on that train bound for Vienna. Genre: Drama, Romance"
Harry Potter and the Goblet of Fire,"Harry Potter finds himself competing in a hazardous tournament between rival schools of magic, but he is distracted by recurring nightmares. Genre: Adventure, Family, Fantasy"
The Green Mile,"The lives of guards on Death Row are affected by one of their charges: a black man accused of child murder and rape, yet who has a mysterious gift. Genre: Crime, Drama, Fantasy"
Incredibles 2,"The Incredibles family takes on a new mission which involves a change in family roles: Bob Parr (Mr. Incredible) must manage the house while his wife Helen (Elastigirl) goes out to save the world. Genre: Animation, Action, Adventure"
Room,"Held captive for 7 years in an enclosed space, a woman and her young son finally gain their freedom, allowing the boy to experience the outside world for the first time. Genre: Drama, Thriller"
Moon,"Astronaut Sam Bell has a quintessentially personal encounter toward the end of his three-year stint on the Moon, where he, working alongside his computer, GERTY, sends back to Earth parcels of a resource that has helped diminish our planet's power problems. Genre: Drama, Mystery, Sci-Fi"
The Blind Side,"The story of Michael Oher, a homeless and traumatized boy who became an All-American football player and first-round NFL draft pick with the help of a caring woman and her family. Genre: Biography, Drama, Sport"
Ex Machina,"A young programmer is selected to participate in a ground-breaking experiment in synthetic intelligence by evaluating the human qualities of a highly advanced humanoid A.I. Genre: Drama, Sci-Fi, Thriller"
La planète sauvage,"On a faraway planet where blue giants rule, oppressed humanoids rebel against their machine-like leaders. Genre: Animation, Sci-Fi"
Se7en,"Two detectives, a rookie and a veteran, hunt a serial killer who uses the seven deadly sins as his motives. Genre: Crime, Drama, Mystery"
Giù la testa,"A low-life bandit and an I.R.A. explosives expert rebel against the government and become heroes of the Mexican Revolution. Genre: Drama, War, Western"
Inside Out,"After young Riley is uprooted from her Midwest life and moved to San Francisco, her emotions - Joy, Fear, Anger, Disgust and Sadness - conflict on how best to navigate a new city, house, and school. Genre: Animation, Adventure, Comedy"
Chak De! India,"Kabir Khan is the coach of the Indian Women's National Hockey Team and his dream is to make his all girls team emerge victorious against all odds. Genre: Drama, Family, Sport"
Where Eagles Dare,"Allied agents stage a daring raid on a castle where the Nazis are holding American brigadier general George Carnaby prisoner, but that's not all that's really going on. Genre: Action, Adventure, War"
Naked,"Parallel tales of two sexually obsessed men, one hurting and annoying women physically and mentally, one wandering around the city talking to strangers and experiencing dimensions of life. Genre: Comedy, Drama"
Tropa de Elite 2: O Inimigo Agora é Outro,"After a prison riot, former-Captain Nascimento, now a high ranking security officer in Rio de Janeiro, is swept into a bloody political dispute that involves government officials and paramilitary groups. Genre: Action, Crime, Drama"
Tombstone,"A successful lawman's plans to retire anonymously in Tombstone, Arizona are disrupted by the kind of outlaws he was famous for eliminating. Genre: Action, Biography, Drama"
Cidade de Deus,"In the slums of Rio, two kids' paths diverge as one struggles to become a photographer and the other a kingpin. Genre: Crime, Drama"
L'avventura,"A woman disappears during a Mediterranean boating trip. During the search, her lover and her best friend become attracted to each other. Genre: Drama, Mystery"
Le notti di Cabiria,A waifish prostitute wanders the streets of Rome looking for true love but finds only heartbreak. Genre: Drama
C.R.A.Z.Y.,"A young French-Canadian, growing up in the 1960s and 1970s, struggles to reconcile his emerging homosexuality with his father's conservative values and his own Catholic beliefs. Genre: Comedy, Drama"
Control,"A profile of Ian Curtis, the enigmatic singer of Joy Division whose personal, professional, and romantic troubles led him to commit suicide at the age of 23. Genre: Biography, Drama, Music"
The Last Picture Show,"In 1951, a group of high schoolers come of age in a bleak, isolated, atrophied North Texas town that is slowly dying, both culturally and economically. Genre: Drama, Romance"
Loving Vincent,"In a story depicted in oil painted animation, a young man comes to the last hometown of painter Vincent van Gogh (Robert Gulaczyk) to deliver the troubled artist's final letter and ends up investigating his final days there. Genre: Animation, Biography, Crime"
Platoon,"Chris Taylor, a neophyte recruit in Vietnam, finds himself caught in a battle of wills between two sergeants, one good and the other evil. A shrewd examination of the brutality of war and the duality of man in conflict. Genre: Drama, War"
Aliens,"Fifty-seven years after surviving an apocalyptic attack aboard her space vessel by merciless space creatures, Officer Ripley awakens from hyper-sleep and tries to warn anyone who will listen about the predators. Genre: Action, Adventure, Sci-Fi"
Goldfinger,"While investigating a gold magnate's smuggling, James Bond uncovers a plot to contaminate the Fort Knox gold reserve. Genre: Action, Adventure, Thriller"
Mad Max 2,"In the post-apocalyptic Australian wasteland, a cynical drifter agrees to help a small, gasoline-rich community escape a horde of bandits. Genre: Action, Adventure, Sci-Fi"
50/50,"Inspired by a true story, a comedy centered on a 27-year-old guy who learns of his cancer diagnosis and his subsequent struggle to beat the disease. Genre: Comedy, Drama, Romance"
The Butterfly Effect,"Evan Treborn suffers blackouts during significant events of his life. As he grows up, he finds a way to remember these lost memories and a supernatural way to alter his life by reading his journal. Genre: Drama, Sci-Fi, Thriller"
Hauru no ugoku shiro,"When an unconfident young woman is cursed with an old body by a spiteful witch, her only chance of breaking the spell lies with a self-indulgent yet insecure young wizard and his companions in his legged, walking castle. Genre: Animation, Adventure, Family"
Frankenstein,"Dr. Frankenstein dares to tamper with life and death by creating a human monster out of lifeless body parts. Genre: Drama, Horror, Sci-Fi"
True Grit,"A stubborn teenager enlists the help of a tough U.S. Marshal to track down her father's murderer. Genre: Drama, Western"
Training Day,"A rookie cop spends his first day as a Los Angeles narcotics officer with a rogue detective who isn't what he appears to be. Genre: Crime, Drama, Thriller"
Barry Lyndon,"An Irish rogue wins the heart of a rich widow and assumes her dead husband's aristocratic position in 18th-century England. Genre: Adventure, Drama, History"
La grande bellezza,"Jep Gambardella has seduced his way through the lavish nightlife of Rome for decades, but after his 65th birthday and a shock from the past, Jep looks past the nightclubs and parties to find a timeless landscape of absurd, exquisite beauty. Genre: Drama"
300,"King Leonidas of Sparta and a force of 300 men fight the Persians at Thermopylae in 480 B.C. Genre: Action, Drama"
Sling Blade,"Karl Childers, a simple man hospitalized since his childhood murder of his mother and her lover, is released to start a new life in a small town. Genre: Drama"
Omoide no Mânî,"Due to 12 y.o. Anna's asthma, she's sent to stay with relatives of her guardian in the Japanese countryside. She likes to be alone, sketching. She befriends Marnie. Who is the mysterious, blonde Marnie. Genre: Animation, Drama, Family"
Talvar,"An experienced investigator confronts several conflicting theories about the perpetrators of a violent double homicide. Genre: Crime, Drama, Mystery"
The Magdalene Sisters,Three young Irish women struggle to maintain their spirits while they endure dehumanizing abuse as inmates of a Magdalene Sisters Asylum. Genre: Drama
Midnight Express,"Billy Hayes, an American college student, is caught smuggling drugs out of Turkey and thrown into prison. Genre: Biography, Crime, Drama"
Blow,"The story of how George Jung, along with the Medellín Cartel headed by Pablo Escobar, established the American cocaine market in the 1970s in the United States. Genre: Biography, Crime, Drama"
Marriage Story,"Noah Baumbach's incisive and compassionate look at a marriage breaking up and a family staying together. Genre: Comedy, Drama, Romance"
Little Women,"Jo March reflects back and forth on her life, telling the beloved story of the March sisters - four young women, each determined to live life on her own terms. Genre: Drama, Romance"
My Left Foot: The Story of Christy Brown,"Christy Brown, born with cerebral palsy, learns to paint and write with his only controllable limb - his left foot. Genre: Biography, Drama"
Sanjuro,"A crafty samurai helps a young man and his fellow clansmen save his uncle, who has been framed and imprisoned by a corrupt superintendent. Genre: Action, Comedy, Crime"
Invasion of the Body Snatchers,"A small-town doctor learns that the population of his community is being replaced by emotionless alien duplicates. Genre: Drama, Horror, Sci-Fi"
Batman: Mask of the Phantasm,"Batman is wrongly implicated in a series of murders of mob bosses actually done by a new vigilante assassin. Genre: Animation, Action, Crime"
Peeping Tom,"A young man murders women, using a movie camera to film their dying expressions of terror. Genre: Drama, Horror, Thriller"
The Taking of Pelham One Two Three,"In New York, armed men hijack a subway car and demand a ransom for the passengers. Even if it's paid, how could they get away? Genre: Action, Crime, Thriller"
The Shawshank Redemption,"Two imprisoned men bond over a number of years, finding solace and eventual redemption through acts of common decency. Genre: Drama"
Crash,"Los Angeles citizens with vastly separate lives collide in interweaving stories of race, loss and redemption. Genre: Crime, Drama, Thriller"
Blue Velvet,"The discovery of a severed human ear found in a field leads a young man on an investigation related to a beautiful, mysterious nightclub singer and a group of psychopathic criminals who have kidnapped her child. Genre: Drama, Mystery, Thriller"
Zulu,"Outnumbered British soldiers do battle with Zulu warriors at Rorke's Drift. Genre: Drama, History, War"
Mysterious Skin,"A teenage hustler and a young man obsessed with alien abductions cross paths, together discovering a horrible, liberating truth. Genre: Drama"
Gully Boy,"A coming-of-age story based on the lives of street rappers in Mumbai. Genre: Drama, Music, Romance"
Arsenic and Old Lace,"A writer of books on the futility of marriage risks his reputation when he decides to get married. Things get even more complicated when he learns on his wedding day that his beloved maiden aunts are habitual murderers. Genre: Comedy, Crime, Thriller"
Gongdong gyeongbi guyeok JSA,"After a shooting incident at the North/South Korean border/DMZ leaves 2 North Korean soldiers dead, a neutral Swiss/Swedish team investigates, what actually happened. Genre: Action, Drama, Thriller"
A Streetcar Named Desire,Disturbed Blanche DuBois moves in with her sister in New Orleans and is tormented by her brutish brother-in-law while her reality crumbles around her. Genre: Drama
Hamilton,"The real life of one of America's foremost founding fathers and first Secretary of the Treasury, Alexander Hamilton. Captured live on Broadway from the Richard Rodgers Theater with the original Broadway cast. Genre: Biography, Drama, History"
Ocean's Eleven,"Danny Ocean and his ten accomplices plan to rob three Las Vegas casinos simultaneously. Genre: Crime, Thriller"
Sen to Chihiro no kamikakushi,"During her family's move to the suburbs, a sullen 10-year-old girl wanders into a world ruled by gods, witches, and spirits, and where humans are changed into beasts. Genre: Animation, Adventure, Family"
Chinatown,"A private detective hired to expose an adulterer finds himself caught up in a web of deceit, corruption, and murder. Genre: Drama, Mystery, Thriller"
King Kong,"A film crew goes to a tropical island for an exotic location shoot and discovers a colossal ape who takes a shine to their female blonde star. He is then captured and brought back to New York City for public exhibition. Genre: Adventure, Horror, Sci-Fi"
Falling Down,"An ordinary man frustrated with the various flaws he sees in society begins to psychotically and violently lash out against them. Genre: Action, Crime, Drama"
Ghostbusters,"Three former parapsychology professors set up shop as a unique ghost removal service. Genre: Action, Comedy, Fantasy"
The Great Escape,"Allied prisoners of war plan for several hundred of their number to escape from a German camp during World War II. Genre: Adventure, Drama, History"
Ondskan,"A teenage boy expelled from school for fighting arrives at a boarding school where the systematic bullying of younger students is encouraged as a means to maintain discipline, and decides to fight back. Genre: Drama"
Harry Potter and the Deathly Hallows: Part 1,"As Harry, Ron, and Hermione race against time and evil to destroy the Horcruxes, they uncover the existence of the three most powerful objects in the wizarding world: the Deathly Hallows. Genre: Adventure, Family, Fantasy"
Vikram Vedha,"Vikram, a no-nonsense police officer, accompanied by Simon, his partner, is on the hunt to capture Vedha, a smuggler and a murderer. Vedha tries to change Vikram's life, which leads to a conflict. Genre: Action, Crime, Drama"
Paper Moon,"During the Great Depression, a con man finds himself saddled with a young girl who may or may not be his daughter, and the two forge an unlikely partnership. Genre: Comedy, Crime, Drama"
Pink Floyd: The Wall,"A confined but troubled rock star descends into madness in the midst of his physical and social isolation from everyone. Genre: Drama, Fantasy, Music"
Dunkirk,"Allied soldiers from Belgium, the British Empire, and France are surrounded by the German Army and evacuated during a fierce battle in World War II. Genre: Action, Drama, History"
Captain Fantastic,"In the forests of the Pacific Northwest, a father devoted to raising his six kids with a rigorous physical and intellectual education is forced to leave his paradise and enter the world, challenging his idea of what it means to be a parent. Genre: Comedy, Drama"
Alien,"After a space merchant vessel receives an unknown transmission as a distress call, one of the crew is attacked by a mysterious life form and they soon realize that its life cycle has merely begun. Genre: Horror, Sci-Fi"
Jules et Jim,"Decades of a love triangle concerning two friends and an impulsive woman. Genre: Drama, Romance"
Victoria,"A young Spanish woman who has recently moved to Berlin finds her flirtation with a local guy turn potentially deadly as their night out with his friends reveals a dangerous secret. Genre: Crime, Drama, Romance"
Nebraska,"An aging, booze-addled father makes the trip from Montana to Nebraska with his estranged son in order to claim a million-dollar Mega Sweepstakes Marketing prize. Genre: Adventure, Comedy, Drama"
Casino Royale,"After earning 00 status and a licence to kill, Secret Agent James Bond sets out on his first mission as 007. Bond must defeat a private banker funding terrorists in a high-stakes game of poker at Casino Royale, Montenegro. Genre: Action, Adventure, Thriller"
The Innocents,A young governess for two children becomes convinced that the house and grounds are haunted. Genre: Horror
How to Train Your Dragon,"A hapless young Viking who aspires to hunt dragons becomes the unlikely friend of a young dragon himself, and learns there may be more to the creatures than he assumed. Genre: Animation, Action, Adventure"
Lord of War,"An arms dealer confronts the morality of his work as he is being chased by an INTERPOL Agent. Genre: Action, Crime, Drama"
Malcolm X,"Biographical epic of the controversial and influential Black Nationalist leader, from his early life and career as a small-time gangster, to his ministry as a member of the Nation of Islam. Genre: Biography, Drama, History"
The Bourne Identity,"A man is picked up by a fishing boat, bullet-riddled and suffering from amnesia, before racing to elude assassins and attempting to regain his memory. Genre: Action, Mystery, Thriller"
Harry Potter and the Deathly Hallows: Part 2,"Harry, Ron, and Hermione search for Voldemort's remaining Horcruxes in their effort to destroy the Dark Lord as the final battle rages on at Hogwarts. Genre: Adventure, Drama, Fantasy"
Slumdog Millionaire,"A Mumbai teenager reflects on his life after being accused of cheating on the Indian version of ""Who Wants to be a Millionaire?"". Genre: Drama, Romance"
Blazing Saddles,"In order to ruin a western town, a corrupt politician appoints a black Sheriff, who promptly becomes his most formidable adversary. Genre: Comedy, Western"
The Girl with the Dragon Tattoo,"Journalist Mikael Blomkvist is aided in his search for a woman who has been missing for forty years by Lisbeth Salander, a young computer hacker. Genre: Crime, Drama, Mystery"
Celda 211,"The story of two men on different sides of a prison riot -- the inmate leading the rebellion and the young guard trapped in the revolt, who poses as a prisoner in a desperate attempt to survive the ordeal. Genre: Action, Adventure, Crime"
Tonari no Totoro,"When two girls move to the country to be near their ailing mother, they have adventures with the wondrous forest spirits who live nearby. Genre: Animation, Family, Fantasy"
Captain America: Civil War,"Political involvement in the Avengers' affairs causes a rift between Captain America and Iron Man. Genre: Action, Adventure, Sci-Fi"
Mandariinid,"In 1992, war rages in Abkhazia, a breakaway region of Georgia. An Estonian man Ivo has decided to stay behind and harvest his crops of tangerines. In a bloody conflict at his door, a wounded man is left behind, and Ivo takes him in. Genre: Drama, War"
Nuovo Cinema Paradiso,"A filmmaker recalls his childhood when falling in love with the pictures at the cinema of his home village and forms a deep friendship with the cinema's projectionist. Genre: Drama, Romance"
Sweet Smell of Success,"Powerful but unethical Broadway columnist J.J. Hunsecker coerces unscrupulous press agent Sidney Falco into breaking up his sister's romance with a jazz musician. Genre: Drama, Film-Noir"
Y tu mamá también,"In Mexico, two teenage boys and an attractive older woman embark on a road trip and learn a thing or two about life, friendship, sex, and each other. Genre: Drama"
Primal Fear,"An altar boy is accused of murdering a priest, and the truth is buried several layers deep. Genre: Crime, Drama, Mystery"
Once Upon a Time... in Hollywood,"A faded television actor and his stunt double strive to achieve fame and success in the final years of Hollywood's Golden Age in 1969 Los Angeles. Genre: Comedy, Drama"
Harvey,"Due to his insistence that he has an invisible six foot-tall rabbit for a best friend, a whimsical middle-aged man is thought by his family to be insane - but he may be wiser than anyone knows. Genre: Comedy, Drama, Fantasy"
Willy Wonka & the Chocolate Factory,"A poor but hopeful boy seeks one of the five coveted golden tickets that will send him on a tour of Willy Wonka's mysterious chocolate factory. Genre: Family, Fantasy, Musical"
Into the Wild,"After graduating from Emory University, top student and athlete Christopher McCandless abandons his possessions, gives his entire $24,000 savings account to charity and hitchhikes to Alaska to live in the wilderness. Along the way, Christopher encounters a series of characters that shape his life. Genre: Adventure, Biography, Drama"
Django Unchained,"With the help of a German bounty hunter, a freed slave sets out to rescue his wife from a brutal Mississippi plantation owner. Genre: Drama, Western"
Bacheha-Ye aseman,"After a boy loses his sister's pair of shoes, he goes on a series of adventures in order to find them. When he can't, he tries a new way to ""win"" a new pair. Genre: Drama, Family, Sport"
Hachi: A Dog's Tale,"A college professor bonds with an abandoned dog he takes into his home. Genre: Biography, Drama, Family"
Manbiki kazoku,"A family of small-time crooks take in a child they find outside in the cold. Genre: Crime, Drama"
La piel que habito,"A brilliant plastic surgeon, haunted by past tragedies, creates a type of synthetic skin that withstands any kind of damage. His guinea pig: a mysterious and volatile woman who holds the key to his obsession. Genre: Drama, Horror, Thriller"
Sin City,"A movie that explores the dark and miserable town, Basin City, tells the story of three different people, all caught up in violent corruption. Genre: Crime, Thriller"
The Matrix,"When a beautiful stranger leads computer hacker Neo to a forbidding underworld, he discovers the shocking truth--the life he knows is the elaborate deception of an evil cyber-intelligence. Genre: Action, Sci-Fi"
Edge of Tomorrow,"A soldier fighting aliens gets to relive the same day over and over again, the day restarting every time he dies. Genre: Action, Adventure, Sci-Fi"
Witness for the Prosecution,"A veteran British barrister must defend his client in a murder trial that has surprise after surprise. Genre: Crime, Drama, Mystery"
Fight Club,"An insomniac office worker and a devil-may-care soapmaker form an underground fight club that evolves into something much, much more. Genre: Drama"
Dangal,"Former wrestler Mahavir Singh Phogat and his two wrestler daughters struggle towards glory at the Commonwealth Games in the face of societal oppression. Genre: Action, Biography, Drama"
Eternal Sunshine of the Spotless Mind,"When their relationship turns sour, a couple undergoes a medical procedure to have each other erased from their memories. Genre: Drama, Romance, Sci-Fi"
Special Chabbis,"A gang of con-men rob prominent rich businessmen and politicians by posing as C.B.I and income tax officers. Genre: Crime, Drama, Thriller"
The Sting,"Two grifters team up to pull off the ultimate con. Genre: Comedy, Crime, Drama"
Minority Report,"In a future where a special police unit is able to arrest murderers before they commit their crimes, an officer from that unit is himself accused of a future murder. Genre: Action, Crime, Mystery"
Guardians of the Galaxy,"A group of intergalactic criminals must pull together to stop a fanatical warrior with plans to purge the universe. Genre: Action, Adventure, Comedy"
Mr. Smith Goes to Washington,"A naive man is appointed to fill a vacancy in the United States Senate. His plans promptly collide with political corruption, but he doesn't back down. Genre: Comedy, Drama"
Knives Out,"A detective investigates the death of a patriarch of an eccentric, combative family. Genre: Comedy, Crime, Drama"
Avengers: Infinity War,"The Avengers and their allies must be willing to sacrifice all in an attempt to defeat the powerful Thanos before his blitz of devastation and ruin puts an end to the universe. Genre: Action, Adventure, Sci-Fi"
The Grapes of Wrath,"A poor Midwest family is forced off their land. They travel to California, suffering the misfortunes of the homeless in the Great Depression. Genre: Drama, History"
Fanny och Alexander,"Two young Swedish children experience the many comedies and tragedies of their family, the Ekdahls. Genre: Drama"
Rockstar,"Janardhan Jakhar chases his dreams of becoming a big Rock star, during which he falls in love with Heer. Genre: Drama, Music, Musical"
Cast Away,"A FedEx executive undergoes a physical and emotional transformation after crash landing on a deserted island. Genre: Adventure, Drama, Romance"
The Apartment,"A man tries to rise in his company by letting its executives use his apartment for trysts, but complications and a romance of his own ensue. Genre: Comedy, Drama, Romance"
Kumonosu-jô,"A war-hardened general, egged on by his ambitious wife, works to fulfill a prophecy that he would become lord of Spider's Web Castle. Genre: Drama, History"
Star Wars: Episode V - The Empire Strikes Back,"After the Rebels are brutally overpowered by the Empire on the ice planet Hoth, Luke Skywalker begins Jedi training with Yoda, while his friends are pursued by Darth Vader and a bounty hunter named Boba Fett all over the galaxy. Genre: Action, Adventure, Fantasy"
Requiem for a Dream,The drug-induced utopias of four Coney Island people are shattered when their addictions run deep. Genre: Drama
Miller's Crossing,"Tom Reagan, an advisor to a Prohibition-era crime boss, tries to keep the peace between warring mobs but gets caught in divided loyalties. Genre: Crime, Drama, Thriller"
Hana-bi,"Nishi leaves the police in the face of harrowing personal and professional difficulties. Spiraling into depression, he makes questionable decisions. Genre: Crime, Drama, Romance"
Omohide poro poro,"A twenty-seven-year-old office worker travels to the countryside while reminiscing about her childhood in Tokyo. Genre: Animation, Drama, Romance"
Glory,"Robert Gould Shaw leads the U.S. Civil War's first all-black volunteer company, fighting prejudices from both his own Union Army, and the Confederates. Genre: Biography, Drama, History"
Metropolis,"In a futuristic city sharply divided between the working class and the city planners, the son of the city's mastermind falls in love with a working-class prophet who predicts the coming of a savior to mediate their differences. Genre: Drama, Sci-Fi"
Papillon,"A man befriends a fellow criminal as the two of them begin serving their sentence on a dreadful prison island, which inspires the man to plot his escape. Genre: Biography, Crime, Drama"
Jûbê ninpûchô,"A vagabond swordsman is aided by a beautiful ninja girl and a crafty spy in confronting a demonic clan of killers - with a ghost from his past as their leader - who are bent on overthrowing the Tokugawa Shogunate. Genre: Animation, Action, Adventure"
Pâfekuto burû,"A pop singer gives up her career to become an actress, but she slowly goes insane when she starts being stalked by an obsessed fan and what seems to be a ghost of her past. Genre: Animation, Crime, Mystery"
The Bridge on the River Kwai,"British POWs are forced to build a railway bridge across the river Kwai for their Japanese captors, not knowing that the allied forces are planning to destroy it. Genre: Adventure, Drama, War"
Amarcord,"A series of comedic and nostalgic vignettes set in a 1930s Italian coastal town. Genre: Comedy, Drama, Family"
Das Experiment,"For two weeks, 20 male participants are hired to play prisoners and guards in a prison. The ""prisoners"" have to follow seemingly mild rules, and the ""guards"" are told to retain order without using physical violence. Genre: Drama, Thriller"
The Lost Weekend,"The desperate life of a chronic alcoholic is followed through a four-day drinking bout. Genre: Drama, Film-Noir"
Huo Yuan Jia,"A biography of Chinese Martial Arts Master Huo Yuanjia, who is the founder and spiritual guru of the Jin Wu Sports Federation. Genre: Action, Biography, Drama"
Network,A television network cynically exploits a deranged former anchor's ravings and revelations about the news media for its own profit. Genre: Drama
Coraline,"An adventurous 11-year-old girl finds another world that is a strangely idealized version of her frustrating home, but it has sinister secrets. Genre: Animation, Drama, Family"
Taare Zameen Par,"An eight-year-old boy is thought to be a lazy trouble-maker, until the new art teacher has the patience and compassion to discover the real problem behind his struggles in school. Genre: Drama, Family"
The Remains of the Day,"A butler who sacrificed body and soul to service in the years leading up to World War II realizes too late how misguided his loyalty was to his lordly employer. Genre: Drama, Romance"
The Shining,"A family heads to an isolated hotel for the winter where a sinister presence influences the father into violence, while his psychic son sees horrific forebodings from both past and future. Genre: Drama, Horror"
Eastern Promises,"A teenager who dies during childbirth leaves clues in her journal that could tie her child to a rape involving a violent Russian mob family. Genre: Action, Crime, Drama"
In a Lonely Place,"A potentially violent screenwriter is a murder suspect until his lovely neighbor clears him. However, she soon starts to have her doubts. Genre: Drama, Film-Noir, Mystery"
Ran,"In Medieval Japan, an elderly warlord retires, handing over his empire to his three sons. However, he vastly underestimates how the new-found power will corrupt them and cause them to turn on each other...and him. Genre: Action, Drama, War"
Laura,"A police detective falls in love with the woman whose murder he is investigating. Genre: Drama, Film-Noir, Mystery"
The Last King of Scotland,"Based on the events of the brutal Ugandan dictator Idi Amin's regime as seen by his personal physician during the 1970s. Genre: Biography, Drama, History"
Fantasia,"A collection of animated interpretations of great works of Western classical music. Genre: Animation, Family, Fantasy"
The Kid,"The Tramp cares for an abandoned child, but events put that relationship in jeopardy. Genre: Comedy, Drama, Family"
Dil Bechara,"The emotional journey of two hopelessly in love youngsters, a young girl, Kizie, suffering from cancer, and a boy, Manny, whom she meets at a support group. Genre: Comedy, Drama, Romance"
Office Space,Three company workers who hate their jobs decide to rebel against their greedy boss. Genre: Comedy
The Outlaw Josey Wales,Missouri farmer Josey Wales joins a Confederate guerrilla unit and winds up on the run from the Union soldiers who murdered his family. Genre: Western
Cowboy Bebop: Tengoku no tobira,"A terrorist explosion releases a deadly virus on the masses, and it's up the bounty-hunting Bebop crew to catch the cold-blooded culprit. Genre: Animation, Action, Crime"
Rashômon,"The rape of a bride and the murder of her samurai husband are recalled from the perspectives of a bandit, the bride, the samurai's ghost and a woodcutter. Genre: Crime, Drama, Mystery"
G.O.R.A.,"A slick young Turk kidnapped by extraterrestrials shows his great « humanitarian spirit » by outwitting the evil commander-in-chief of the planet of G.O.R.A. Genre: Adventure, Comedy, Sci-Fi"
The Bourne Ultimatum,"Jason Bourne dodges a ruthless C.I.A. official and his Agents from a new assassination program while searching for the origins of his life as a trained killer. Genre: Action, Mystery, Thriller"
What Ever Happened to Baby Jane?,"A former child star torments her paraplegic sister in their decaying Hollywood mansion. Genre: Drama, Horror, Thriller"
Match Point,"At a turning point in his life, a former tennis pro falls for an actress who happens to be dating his friend and soon-to-be brother-in-law. Genre: Drama, Romance, Thriller"
Stagecoach,"A group of people traveling on a stagecoach find their journey complicated by the threat of Geronimo and learn something about each other in the process. Genre: Adventure, Drama, Western"
Pride & Prejudice,"Sparks fly when spirited Elizabeth Bennet meets single, rich, and proud Mr. Darcy. But Mr. Darcy reluctantly finds himself falling in love with a woman beneath his class. Can each overcome their own pride and prejudice? Genre: Drama, Romance"
Kaze no tani no Naushika,"Warrior and pacifist Princess Nausicaä desperately struggles to prevent two warring nations from destroying themselves and their dying planet. Genre: Animation, Adventure, Fantasy"
Predator,"A team of commandos on a mission in a Central American jungle find themselves hunted by an extraterrestrial warrior. Genre: Action, Adventure, Sci-Fi"
Nosferatu,"Vampire Count Orlok expresses interest in a new residence and real estate agent Hutter's wife. Genre: Fantasy, Horror"
V for Vendetta,"In a future British tyranny, a shadowy freedom fighter, known only by the alias of ""V"", plots to overthrow it with the help of a young woman. Genre: Action, Drama, Sci-Fi"
Catch Me If You Can,"Barely 21 yet, Frank is a skilled forger who has passed as a doctor, lawyer and pilot. FBI agent Carl becomes obsessed with tracking down the con man, who only revels in the pursuit. Genre: Biography, Crime, Drama"
Enemy at the Gates,"A Russian and a German sniper play a game of cat-and-mouse during the Battle of Stalingrad. Genre: Drama, History, War"
Do the Right Thing,"On the hottest day of the year on a street in the Bedford-Stuyvesant section of Brooklyn, everyone's hate and bigotry smolders and builds until it explodes into violence. Genre: Comedy, Drama"
Todo sobre mi madre,"Young Esteban wants to become a writer and also to discover the identity of his second mother, a trans woman, carefully concealed by his mother Manuela. Genre: Drama"
Persona,"A nurse is put in charge of a mute actress and finds that their personae are melding together. Genre: Drama, Thriller"
Le passé,"An Iranian man deserts his French wife and her two children to return to his homeland. Meanwhile, his wife starts up a new relationship, a reality her husband confronts upon his wife's request for a divorce. Genre: Drama, Mystery"
Apocalypto,"As the Mayan kingdom faces its decline, a young man is taken on a perilous journey to a world ruled by fear and oppression. Genre: Action, Adventure, Drama"
The Verdict,A lawyer sees the chance to salvage his career and self-respect by taking a medical malpractice case to trial rather than settling. Genre: Drama
Hunt for the Wilderpeople,"A national manhunt is ordered for a rebellious kid and his foster uncle who go missing in the wild New Zealand bush. Genre: Adventure, Comedy, Drama"
Zombieland,"A shy student trying to reach his family in Ohio, a gun-toting tough guy trying to find the last Twinkie, and a pair of sisters trying to get to an amusement park join forces to travel across a zombie-filled America. Genre: Adventure, Comedy, Fantasy"
Dil Chahta Hai,"Three inseparable childhood friends are just out of college. Nothing comes between them - until they each fall in love, and their wildly different approaches to relationships creates tension. Genre: Comedy, Drama, Romance"
Shadow of a Doubt,"A young girl, overjoyed when her favorite uncle comes to visit the family, slowly begins to suspect that he is in fact the ""Merry Widow"" killer sought by the authorities. Genre: Film-Noir, Thriller"
La montaña sagrada,"In a corrupt, greed-fueled world, a powerful alchemist leads a messianic character and seven materialistic figures to the Holy Mountain, where they hope to achieve enlightenment. Genre: Adventure, Drama, Fantasy"
Dallas Buyers Club,"In 1985 Dallas, electrician and hustler Ron Woodroof works around the system to help AIDS patients get the medication they need after he is diagnosed with the disease. Genre: Biography, Drama"
Get Out,"A young African-American visits his white girlfriend's parents for the weekend, where his simmering uneasiness about their reception of him eventually reaches a boiling point. Genre: Horror, Mystery, Thriller"
Star Trek Into Darkness,"After the crew of the Enterprise find an unstoppable force of terror from within their own organization, Captain Kirk leads a manhunt to a war-zone world to capture a one-man weapon of mass destruction. Genre: Action, Adventure, Sci-Fi"
On the Waterfront,"An ex-prize fighter turned longshoreman struggles to stand up to his corrupt union bosses. Genre: Crime, Drama, Thriller"
Watchmen,"In 1985 where former superheroes exist, the murder of a colleague sends active vigilante Rorschach into his own sprawling investigation, uncovering something that could completely change the course of history as we know it. Genre: Action, Drama, Mystery"
In Bruges,"Guilt-stricken after a job gone wrong, hitman Ray and his partner await orders from their ruthless boss in Bruges, Belgium, the last place in the world Ray wants to be. Genre: Comedy, Crime, Drama"
Dev.D,"After breaking up with his childhood sweetheart, a young man finds solace in drugs. Meanwhile, a teenage girl is caught in the world of prostitution. Will they be destroyed, or will they find redemption? Genre: Drama, Romance"
Ray,"The story of the life and career of the legendary rhythm and blues musician Ray Charles, from his humble beginnings in the South, where he went blind at age seven, to his meteoric rise to stardom during the 1950s and 1960s. Genre: Biography, Drama, Music"
Lost Highway,"Anonymous videotapes presage a musician's murder conviction, and a gangster's girlfriend leads a mechanic astray. Genre: Mystery, Thriller"
Dawn of the Dead,"Following an ever-growing epidemic of zombies that have risen from the dead, two Philadelphia S.W.A.T. team members, a traffic reporter, and his television executive girlfriend seek refuge in a secluded shopping mall. Genre: Action, Adventure, Horror"
Rain Man,Selfish yuppie Charlie Babbitt's father left a fortune to his savant brother Raymond and a pittance to Charlie; they travel cross-country. Genre: Drama
No Country for Old Men,"Violence and mayhem ensue after a hunter stumbles upon a drug deal gone wrong and more than two million dollars in cash near the Rio Grande. Genre: Crime, Drama, Thriller"
This Is England,"A young boy becomes friends with a gang of skinheads. Friends soon become like family, and relationships will be pushed to the very limit. Genre: Crime, Drama"
Udta Punjab,"A story that revolves around drug abuse in the affluent north Indian State of Punjab and how the youth there have succumbed to it en-masse resulting in a socio-economic decline. Genre: Action, Crime, Drama"
Fitzcarraldo,"The story of Brian Sweeney Fitzgerald, an extremely determined man who intends to build an opera house in the middle of a jungle. Genre: Adventure, Drama"
Kill Bill: Vol. 2,"The Bride continues her quest of vengeance against her former boss and lover Bill, the reclusive bouncer Budd, and the treacherous, one-eyed Elle. Genre: Action, Crime, Thriller"
Chhichhore,"A tragic incident forces Anirudh, a middle-aged man, to take a trip down memory lane and reminisce his college days along with his friends, who were labelled as losers. Genre: Comedy, Drama"
Dà hóng denglong gaogao guà,"A young woman becomes the fourth wife of a wealthy lord, and must learn to live with the strict rules and tensions within the household. Genre: Drama, History, Romance"
Scarface: The Shame of the Nation,"An ambitious and nearly insane violent gangster climbs the ladder of success in the mob, but his weaknesses prove to be his downfall. Genre: Action, Crime, Drama"
High Noon,"A town Marshal, despite the disagreements of his newlywed bride and the townspeople around him, must face a gang of deadly killers alone at high noon when the gang leader, an outlaw he sent up years ago, arrives on the noon train. Genre: Drama, Thriller, Western"
Vicky Donor,"A man is brought in by an infertility doctor to supply him with his sperm, where he becomes the biggest sperm donor for his clinic. Genre: Comedy, Romance"
Jeux d'enfants,"As adults, best friends Julien and Sophie continue the odd game they started as children -- a fearless competition to outdo one another with daring and outrageous stunts. While they often act out to relieve one another's pain, their game might be a way to avoid the fact that they are truly meant for one another. Genre: Comedy, Drama, Romance"
Hiroshima mon amour,"A French actress filming an anti-war film in Hiroshima has an affair with a married Japanese architect as they share their differing perspectives on war. Genre: Drama, Romance"
